variable,count,mean,std,min,25%,50%,75%,max,original
dummy1,1000.0,-0.0006868987545720438,0.010765287016204553,-0.0386900667691065,-0.008307830949824976,-0.00078619899808705,0.0065813330765949,0.0347964893828489,-0.0026551792619611
dummy2,1000.0,-0.00012904867203273584,0.011458801482294301,-0.037790674552335,-0.007702876891103775,0.00031957125703115,0.007054077783532575,0.0382311831723427,-0.0084820468675701
x1,1000.0,0.09632965066004419,2.997093552640607,-9.549408906571966,-1.8364621156240875,0.1152273685748065,1.9940080466828631,28.203346525629534,28.203346525629534
x2,1000.0,0.2415181938594642,7.90516671684374,-20.6127424623965,-5.162532235463294,0.46813005439855926,5.552047652552162,75.0509164743098,75.0509164743098
x3,1000.0,0.02491798258350557,1.8491087458010258,-4.927331899580913,-1.17837996711134,0.0500024293143024,1.1557072205724996,17.754934689439466,17.754934689439466
